<?xml version="1.0"?>
<Invoice xmlns:cbc="urn:oasis:names:specification:ubl:schema:xsd:CommonBasicComponents-2" xmlns:udt="urn:oasis:names:specification:ubl:schema:xsd:UnqualifiedDataTypes-2" xmlns:cac="urn:oasis:names:specification:ubl:schema:xsd:CommonAggregateComponents-2" xmlns:ccts="urn:un:unece:uncefact:documentation:2" xmlns="urn:oasis:names:specification:ubl:schema:xsd:Invoice-2" xmlns:qdt="urn:oasis:names:specification:ubl:schema:xsd:QualifiedDataTypes-2" xsi:schemaLocation="urn:oasis:names:specification:ubl:schema:xsd:Invoice-2 ../../UBL-2.1(1)/xsd/maindoc/UBL-Invoice-2.1.xsd" xmlns:xsi="http://www.w3.org/2001/XMLSchema-instance"><cbc:UBLVersionID>2.1</cbc:UBLVersionID><cbc:CustomizationID>urn:cen.eu:en16931:2017#compliant#urn:efactura.mfinante.ro:CIUS-RO:1.0.0</cbc:CustomizationID><cbc:ID>FC 86912</cbc:ID><cbc:IssueDate>2022-07-06</cbc:IssueDate><cbc:DueDate>2022-07-06</cbc:DueDate><cbc:InvoiceTypeCode>380</cbc:InvoiceTypeCode><cbc:Note>Banca BANCA COMERCIALA ROMANA SECTOR 5;
IBAN RO63RNCB0076029415740001           ;
;
Banca TREZORERIA MUNICIPIULUI BUCURESTI;
IBAN RO38TREZ7005069XXX005592;
TEL. 021/380.10.06;
e-mail:     l_fructe@yahoo.com;
;
</cbc:Note><cbc:DocumentCurrencyCode>RON</cbc:DocumentCurrencyCode><cbc:TaxCurrencyCode>RON</cbc:TaxCurrencyCode><cac:AccountingSupplierParty><cac:Party><cbc:EndpointID schemeID="EM">trantu_panait@yahoo.co.uk</cbc:EndpointID><cac:PartyIdentification><cbc:ID>10062337     </cbc:ID></cac:PartyIdentification><cac:PostalAddress><cbc:StreetName>AL ALEXANDRU MORUZZI</cbc:StreetName><cbc:CityName>BUCURESTI</cbc:CityName><cbc:CountrySubentity>RO-B</cbc:CountrySubentity><cac:Country><cbc:IdentificationCode>RO</cbc:IdentificationCode></cac:Country></cac:PostalAddress><cac:PartyTaxScheme><cbc:CompanyID>RO10062337</cbc:CompanyID><cac:TaxScheme><cbc:ID>VAT</cbc:ID></cac:TaxScheme></cac:PartyTaxScheme><cac:PartyLegalEntity><cbc:RegistrationName>S.C. LEGUME FRUCTE COM SRL</cbc:RegistrationName><cbc:CompanyID>10062337</cbc:CompanyID><cbc:CompanyLegalForm>Societate comerciala</cbc:CompanyLegalForm></cac:PartyLegalEntity><cac:Contact><cbc:Name>TRANTU PANAIT</cbc:Name><cbc:Telephone>0212703197</cbc:Telephone><cbc:ElectronicMail>trantu_panait@yahoo.co.uk</cbc:ElectronicMail></cac:Contact></cac:Party></cac:AccountingSupplierParty><cac:AccountingCustomerParty><cac:Party><cac:PartyIdentification><cbc:ID>4318016</cbc:ID></cac:PartyIdentification><cac:PostalAddress><cbc:StreetName>PITESTI, STR. NEGRU VODA, NR.47</cbc:StreetName><cbc:CityName>PITESTI</cbc:CityName><cbc:CountrySubentity>AG</cbc:CountrySubentity><cac:Country><cbc:IdentificationCode>RO</cbc:IdentificationCode></cac:Country></cac:PostalAddress><cac:PartyTaxScheme><cbc:CompanyID>RO4318016</cbc:CompanyID><cac:TaxScheme><cbc:ID>VAT</cbc:ID></cac:TaxScheme></cac:PartyTaxScheme><cac:PartyLegalEntity><cbc:RegistrationName>MAN UM 02497</cbc:RegistrationName><cbc:CompanyID>4318016</cbc:CompanyID></cac:PartyLegalEntity><cac:Contact><cbc:Telephone>0248218090</cbc:Telephone></cac:Contact></cac:Party></cac:AccountingCustomerParty><cac:TaxTotal><cbc:TaxAmount currencyID="RON">115.67</cbc:TaxAmount><cac:TaxSubtotal><cbc:TaxableAmount currencyID="RON">1285.19</cbc:TaxableAmount><cbc:TaxAmount currencyID="RON">115.67</cbc:TaxAmount><cac:TaxCategory><cbc:ID>S</cbc:ID><cbc:Percent>9</cbc:Percent><cac:TaxScheme><cbc:ID>VAT</cbc:ID></cac:TaxScheme></cac:TaxCategory></cac:TaxSubtotal></cac:TaxTotal><cac:LegalMonetaryTotal><cbc:LineExtensionAmount currencyID="RON">1285.19</cbc:LineExtensionAmount><cbc:TaxExclusiveAmount currencyID="RON">1285.19</cbc:TaxExclusiveAmount><cbc:TaxInclusiveAmount currencyID="RON">1400.86</cbc:TaxInclusiveAmount><cbc:PayableAmount currencyID="RON">1400.86</cbc:PayableAmount></cac:LegalMonetaryTotal><cac:InvoiceLine><cbc:ID>1</cbc:ID><cbc:InvoicedQuantity unitCode="KGM">50.000</cbc:InvoicedQuantity><cbc:LineExtensionAmount currencyID="RON">600.00</cbc:LineExtensionAmount><cac:Item><cbc:Name>BRANZA DE VACI/DULCE</cbc:Name><cac:SellersItemIdentification><cbc:ID>00000035</cbc:ID></cac:SellersItemIdentification><cac:ClassifiedTaxCategory><cbc:ID>S</cbc:ID><cbc:Percent>9</cbc:Percent><cac:TaxScheme><cbc:ID>VAT</cbc:ID></cac:TaxScheme></cac:ClassifiedTaxCategory></cac:Item><cac:Price><cbc:PriceAmount currencyID="RON">12.0000</cbc:PriceAmount></cac:Price></cac:InvoiceLine><cac:InvoiceLine><cbc:ID>2</cbc:ID><cbc:InvoicedQuantity unitCode="KGM">159.000</cbc:InvoicedQuantity><cbc:LineExtensionAmount currencyID="RON">213.06</cbc:LineExtensionAmount><cac:Item><cbc:Name>CARTOFI  ALBI / ROSII</cbc:Name><cac:SellersItemIdentification><cbc:ID>00000059</cbc:ID></cac:SellersItemIdentification><cac:CommodityClassification><cbc:ItemClassificationCode listID="TSP">07019050</cbc:ItemClassificationCode></cac:CommodityClassification><cac:ClassifiedTaxCategory><cbc:ID>S</cbc:ID><cbc:Percent>9</cbc:Percent><cac:TaxScheme><cbc:ID>VAT</cbc:ID></cac:TaxScheme></cac:ClassifiedTaxCategory></cac:Item><cac:Price><cbc:PriceAmount currencyID="RON">1.3400</cbc:PriceAmount></cac:Price></cac:InvoiceLine><cac:InvoiceLine><cbc:ID>3</cbc:ID><cbc:InvoicedQuantity unitCode="KGM">10.000</cbc:InvoicedQuantity><cbc:LineExtensionAmount currencyID="RON">46.20</cbc:LineExtensionAmount><cac:Item><cbc:Name>LAMAI</cbc:Name><cac:SellersItemIdentification><cbc:ID>00000200</cbc:ID></cac:SellersItemIdentification><cac:CommodityClassification><cbc:ItemClassificationCode listID="TSP">08055010</cbc:ItemClassificationCode></cac:CommodityClassification><cac:ClassifiedTaxCategory><cbc:ID>S</cbc:ID><cbc:Percent>9</cbc:Percent><cac:TaxScheme><cbc:ID>VAT</cbc:ID></cac:TaxScheme></cac:ClassifiedTaxCategory></cac:Item><cac:Price><cbc:PriceAmount currencyID="RON">4.6200</cbc:PriceAmount></cac:Price></cac:InvoiceLine><cac:InvoiceLine><cbc:ID>4</cbc:ID><cbc:InvoicedQuantity unitCode="H87">240.000</cbc:InvoicedQuantity><cbc:LineExtensionAmount currencyID="RON">100.80</cbc:LineExtensionAmount><cac:Item><cbc:Name>OUA CONSUM</cbc:Name><cac:SellersItemIdentification><cbc:ID>00000246</cbc:ID></cac:SellersItemIdentification><cac:ClassifiedTaxCategory><cbc:ID>S</cbc:ID><cbc:Percent>9</cbc:Percent><cac:TaxScheme><cbc:ID>VAT</cbc:ID></cac:TaxScheme></cac:ClassifiedTaxCategory></cac:Item><cac:Price><cbc:PriceAmount currencyID="RON">0.4200</cbc:PriceAmount></cac:Price></cac:InvoiceLine><cac:InvoiceLine><cbc:ID>5</cbc:ID><cbc:InvoicedQuantity unitCode="KGM">5.000</cbc:InvoicedQuantity><cbc:LineExtensionAmount currencyID="RON">34.30</cbc:LineExtensionAmount><cac:Item><cbc:Name>CASTRAVETI</cbc:Name><cac:SellersItemIdentification><cbc:ID>00000062</cbc:ID></cac:SellersItemIdentification><cac:CommodityClassification><cbc:ItemClassificationCode listID="STI">03221270-9</cbc:ItemClassificationCode></cac:CommodityClassification><cac:CommodityClassification><cbc:ItemClassificationCode listID="TSP">07070005</cbc:ItemClassificationCode></cac:CommodityClassification><cac:ClassifiedTaxCategory><cbc:ID>S</cbc:ID><cbc:Percent>9</cbc:Percent><cac:TaxScheme><cbc:ID>VAT</cbc:ID></cac:TaxScheme></cac:ClassifiedTaxCategory></cac:Item><cac:Price><cbc:PriceAmount currencyID="RON">6.8600</cbc:PriceAmount></cac:Price></cac:InvoiceLine><cac:InvoiceLine><cbc:ID>6</cbc:ID><cbc:InvoicedQuantity unitCode="KGM">1.000</cbc:InvoicedQuantity><cbc:LineExtensionAmount currencyID="RON">7.80</cbc:LineExtensionAmount><cac:Item><cbc:Name>VERDEATA KG</cbc:Name><cac:SellersItemIdentification><cbc:ID>00000352</cbc:ID></cac:SellersItemIdentification><cac:ClassifiedTaxCategory><cbc:ID>S</cbc:ID><cbc:Percent>9</cbc:Percent><cac:TaxScheme><cbc:ID>VAT</cbc:ID></cac:TaxScheme></cac:ClassifiedTaxCategory></cac:Item><cac:Price><cbc:PriceAmount currencyID="RON">7.8000</cbc:PriceAmount></cac:Price></cac:InvoiceLine><cac:InvoiceLine><cbc:ID>7</cbc:ID><cbc:InvoicedQuantity unitCode="KGM">9.000</cbc:InvoicedQuantity><cbc:LineExtensionAmount currencyID="RON">82.89</cbc:LineExtensionAmount><cac:Item><cbc:Name>SMANTANA 12% CUTIE</cbc:Name><cac:SellersItemIdentification><cbc:ID>00000308</cbc:ID></cac:SellersItemIdentification><cac:ClassifiedTaxCategory><cbc:ID>S</cbc:ID><cbc:Percent>9</cbc:Percent><cac:TaxScheme><cbc:ID>VAT</cbc:ID></cac:TaxScheme></cac:ClassifiedTaxCategory></cac:Item><cac:Price><cbc:PriceAmount currencyID="RON">9.2100</cbc:PriceAmount></cac:Price></cac:InvoiceLine><cac:InvoiceLine><cbc:ID>8</cbc:ID><cbc:InvoicedQuantity unitCode="KGM">10.000</cbc:InvoicedQuantity><cbc:LineExtensionAmount currencyID="RON">26.70</cbc:LineExtensionAmount><cac:Item><cbc:Name>TELINA</cbc:Name><cac:SellersItemIdentification><cbc:ID>00000333</cbc:ID></cac:SellersItemIdentification><cac:ClassifiedTaxCategory><cbc:ID>S</cbc:ID><cbc:Percent>9</cbc:Percent><cac:TaxScheme><cbc:ID>VAT</cbc:ID></cac:TaxScheme></cac:ClassifiedTaxCategory></cac:Item><cac:Price><cbc:PriceAmount currencyID="RON">2.6700</cbc:PriceAmount></cac:Price></cac:InvoiceLine><cac:InvoiceLine><cbc:ID>9</cbc:ID><cbc:InvoicedQuantity unitCode="KGM">16.000</cbc:InvoicedQuantity><cbc:LineExtensionAmount currencyID="RON">173.44</cbc:LineExtensionAmount><cac:Item><cbc:Name>BRANZA TELEMEA DE VACA</cbc:Name><cac:SellersItemIdentification><cbc:ID>00000037</cbc:ID></cac:SellersItemIdentification><cac:ClassifiedTaxCategory><cbc:ID>S</cbc:ID><cbc:Percent>9</cbc:Percent><cac:TaxScheme><cbc:ID>VAT</cbc:ID></cac:TaxScheme></cac:ClassifiedTaxCategory></cac:Item><cac:Price><cbc:PriceAmount currencyID="RON">10.8400</cbc:PriceAmount></cac:Price></cac:InvoiceLine></Invoice>
