<Invoice xmlns:cac="urn:oasis:names:specification:ubl:schema:xsd:CommonAggregateComponents-2" xmlns:cbc="urn:oasis:names:specification:ubl:schema:xsd:CommonBasicComponents-2" xmlns="urn:oasis:names:specification:ubl:schema:xsd:Invoice-2"><cbc:UBLVersionID>2.1</cbc:UBLVersionID><cbc:CustomizationID>urn:cen.eu:en16931:2017#compliant#urn:efactura.mfinante.ro:CIUS-RO:1.0.0</cbc:CustomizationID><cbc:ID>15XTR.00023191.01</cbc:ID><cbc:IssueDate>2022-07-08</cbc:IssueDate><cbc:DueDate>2022-08-07</cbc:DueDate><cbc:InvoiceTypeCode>380</cbc:InvoiceTypeCode><cbc:Note>Taxabila cf. art. 291 din L. 227/2015 - Cod Fiscal</cbc:Note><cbc:DocumentCurrencyCode>RON</cbc:DocumentCurrencyCode><cbc:TaxCurrencyCode>RON</cbc:TaxCurrencyCode><cac:OrderReference><cbc:ID>220700014</cbc:ID></cac:OrderReference><cac:DespatchDocumentReference><cbc:ID>15XTR.00023191.01</cbc:ID></cac:DespatchDocumentReference><cac:AccountingSupplierParty><cac:Party><cac:PartyIdentification><cbc:ID schemeID="0088">11051573</cbc:ID></cac:PartyIdentification><cac:PartyName><cbc:Name>SC EXTRANET SRL</cbc:Name></cac:PartyName><cac:PostalAddress><cbc:StreetName>Str.Avram Iancu, nr.54, Cluj</cbc:StreetName><cbc:CityName>Cluj-Napoca</cbc:CityName><cbc:PostalZone>400083</cbc:PostalZone><cbc:CountrySubentity>RO-CJ</cbc:CountrySubentity><cac:Country><cbc:IdentificationCode>RO</cbc:IdentificationCode></cac:Country></cac:PostalAddress><cac:PartyTaxScheme><cbc:CompanyID>RO11051573</cbc:CompanyID><cac:TaxScheme><cbc:ID>VAT</cbc:ID></cac:TaxScheme></cac:PartyTaxScheme></cac:Party></cac:AccountingSupplierParty><cac:AccountingCustomerParty><cac:Party><cac:PartyIdentification><cbc:ID schemeID="0088">4318016</cbc:ID></cac:PartyIdentification><cac:PartyName><cbc:Name>SPITALUL MILITAR DE URG. PITESTI</cbc:Name></cac:PartyName><cac:PostalAddress><cbc:StreetName>STR. NEGRU VODA, NR.47, Arges</cbc:StreetName><cbc:CityName>Pitesti</cbc:CityName><cbc:PostalZone>110069</cbc:PostalZone><cbc:CountrySubentity>RO-AG</cbc:CountrySubentity><cac:Country><cbc:IdentificationCode>RO</cbc:IdentificationCode></cac:Country></cac:PostalAddress><cac:PartyTaxScheme><cbc:CompanyID>4318016</cbc:CompanyID><cac:TaxScheme/></cac:PartyTaxScheme></cac:Party></cac:AccountingCustomerParty><cac:Delivery><cbc:ActualDeliveryDate>2022-07-08</cbc:ActualDeliveryDate><cac:DeliveryLocation><cbc:ID schemeID="0088">4318016</cbc:ID><cac:Address><cbc:StreetName>STR. NEGRU VODA, NR.47</cbc:StreetName><cbc:CityName>Pitesti</cbc:CityName><cbc:PostalZone>110069</cbc:PostalZone><cbc:CountrySubentity>RO-AG</cbc:CountrySubentity><cac:Country><cbc:IdentificationCode>RO</cbc:IdentificationCode></cac:Country></cac:Address></cac:DeliveryLocation></cac:Delivery><cac:PaymentMeans><cbc:PaymentMeansCode>30</cbc:PaymentMeansCode><cac:PayeeFinancialAccount><cbc:ID>RO07RZBR0000060007728354</cbc:ID><cbc:Name>RON</cbc:Name><cac:FinancialInstitutionBranch><cbc:ID>Raiffeisen Cluj-Napoca</cbc:ID></cac:FinancialInstitutionBranch></cac:PayeeFinancialAccount></cac:PaymentMeans><cac:TaxTotal><cbc:TaxAmount currencyID="RON">1520.00</cbc:TaxAmount><cac:TaxSubtotal xmlns:cac="urn:oasis:names:specification:ubl:schema:xsd:CommonAggregateComponents-2" xmlns:cbc="urn:oasis:names:specification:ubl:schema:xsd:CommonBasicComponents-2" xmlns="urn:oasis:names:specification:ubl:schema:xsd:Invoice-2"><cbc:TaxableAmount currencyID="RON">8000.00</cbc:TaxableAmount><cbc:TaxAmount currencyID="RON">1520.00</cbc:TaxAmount><cac:TaxCategory><cbc:ID>S</cbc:ID><cbc:Percent>19.00</cbc:Percent><cac:TaxScheme><cbc:ID>VAT</cbc:ID></cac:TaxScheme></cac:TaxCategory></cac:TaxSubtotal></cac:TaxTotal><cac:LegalMonetaryTotal><cbc:LineExtensionAmount currencyID="RON">8000.00</cbc:LineExtensionAmount><cbc:TaxExclusiveAmount currencyID="RON">8000.00</cbc:TaxExclusiveAmount><cbc:TaxInclusiveAmount currencyID="RON">9520.00</cbc:TaxInclusiveAmount><cbc:PayableAmount currencyID="RON">9520.00</cbc:PayableAmount></cac:LegalMonetaryTotal><cac:InvoiceLine xmlns:cac="urn:oasis:names:specification:ubl:schema:xsd:CommonAggregateComponents-2" xmlns:cbc="urn:oasis:names:specification:ubl:schema:xsd:CommonBasicComponents-2" xmlns="urn:oasis:names:specification:ubl:schema:xsd:Invoice-2"><cbc:ID>1</cbc:ID><cbc:InvoicedQuantity unitCode="XPP">1.000</cbc:InvoicedQuantity><cbc:LineExtensionAmount currencyID="RON">8000.00</cbc:LineExtensionAmount><cac:OrderLineReference><cbc:LineID>220700014</cbc:LineID></cac:OrderLineReference><cac:Item><cbc:Description>VENITURI DIN SERVICII PRESTATE</cbc:Description><cbc:Name>VENITURI DIN SERVICII PRESTATE</cbc:Name><cac:SellersItemIdentification><cbc:ID>~372</cbc:ID></cac:SellersItemIdentification><cac:ClassifiedTaxCategory><cbc:ID>S</cbc:ID><cbc:Percent>19.00</cbc:Percent><cac:TaxScheme><cbc:ID>VAT</cbc:ID></cac:TaxScheme></cac:ClassifiedTaxCategory></cac:Item><cac:Price><cbc:PriceAmount currencyID="RON">8000.00</cbc:PriceAmount><cbc:BaseQuantity unitCode="XPP">1</cbc:BaseQuantity></cac:Price></cac:InvoiceLine></Invoice>
