<Invoice xmlns="urn:oasis:names:specification:ubl:schema:xsd:Invoice-2" xmlns:cbc="urn:oasis:names:specification:ubl:schema:xsd:CommonBasicComponents-2" xmlns:cac="urn:oasis:names:specification:ubl:schema:xsd:CommonAggregateComponents-2" xmlns:ns4="urn:oasis:names:specification:ubl:schema:xsd:CommonExtensionComponents-2" xmlns:xsi="http://www.w3.org/2001/XMLSchema-instance" xsi:schemaLocation="urn:oasis:names:specification:ubl:schema:xsd:Invoice-2 http://docs.oasis-open.org/ubl/os-UBL-2.1/xsd/maindoc/UBL-Invoice-2.1.xsd"><cbc:CustomizationID>urn:cen.eu:en16931:2017#compliant#urn:efactura.mfinante.ro:CIUS-RO:1.0.0</cbc:CustomizationID><cbc:ID>SPM-B5031505</cbc:ID><cbc:IssueDate>2022-07-11</cbc:IssueDate><cbc:DueDate>2022-09-09</cbc:DueDate><cbc:InvoiceTypeCode>380</cbc:InvoiceTypeCode><cbc:Note>COM A/293/11.07.2022 CTRS A-5921/08.07.2022</cbc:Note><cbc:Note>Factura SPM-B5031505</cbc:Note><cbc:DocumentCurrencyCode>RON</cbc:DocumentCurrencyCode><cac:AccountingSupplierParty><cac:Party><cac:PostalAddress><cbc:StreetName>Bucuresti</cbc:StreetName><cbc:AdditionalStreetName>Str.Aeroportului,Nr.2,Sector1</cbc:AdditionalStreetName><cbc:CityName>Bucharest</cbc:CityName><cbc:CountrySubentity>RO-B</cbc:CountrySubentity><cac:Country><cbc:IdentificationCode>RO</cbc:IdentificationCode></cac:Country></cac:PostalAddress><cac:PartyTaxScheme><cbc:CompanyID>RO13362380</cbc:CompanyID><cac:TaxScheme><cbc:ID>VAT</cbc:ID></cac:TaxScheme></cac:PartyTaxScheme><cac:PartyLegalEntity><cbc:RegistrationName>SANPRODMED SRL</cbc:RegistrationName><cbc:CompanyLegalForm>Capital social: 4700000 LEI</cbc:CompanyLegalForm></cac:PartyLegalEntity></cac:Party></cac:AccountingSupplierParty><cac:AccountingCustomerParty><cac:Party><cac:PostalAddress><cbc:StreetName>UM 02497 STR NEGRU VODA NR 47</cbc:StreetName><cbc:AdditionalStreetName>ARGES</cbc:AdditionalStreetName><cbc:CityName>PITESTI</cbc:CityName><cbc:PostalZone>110069</cbc:PostalZone><cac:Country><cbc:IdentificationCode>RO</cbc:IdentificationCode></cac:Country></cac:PostalAddress><cac:PartyTaxScheme><cbc:CompanyID>RO4318016</cbc:CompanyID><cac:TaxScheme><cbc:ID>VAT</cbc:ID></cac:TaxScheme></cac:PartyTaxScheme><cac:PartyLegalEntity><cbc:RegistrationName>PITESTI SP MILITAR</cbc:RegistrationName></cac:PartyLegalEntity></cac:Party></cac:AccountingCustomerParty><cac:PaymentMeans><cbc:PaymentMeansCode>42</cbc:PaymentMeansCode><cac:PayeeFinancialAccount><cbc:ID>RO14TREZ7005069XXX002532</cbc:ID><cbc:Name>A.T.C.P MUN-BUCURESTI</cbc:Name><cac:FinancialInstitutionBranch><cbc:ID>TREZROBU</cbc:ID></cac:FinancialInstitutionBranch></cac:PayeeFinancialAccount></cac:PaymentMeans><cac:PaymentMeans><cbc:PaymentMeansCode>42</cbc:PaymentMeansCode><cac:PayeeFinancialAccount><cbc:ID>RO36BACX0000000030996310</cbc:ID><cbc:Name>UNICREDIT TIRIAC BANK</cbc:Name></cac:PayeeFinancialAccount></cac:PaymentMeans><cac:TaxTotal><cbc:TaxAmount currencyID="RON">950.00</cbc:TaxAmount><cac:TaxSubtotal><cbc:TaxableAmount currencyID="RON">5000.00</cbc:TaxableAmount><cbc:TaxAmount currencyID="RON">950.00</cbc:TaxAmount><cac:TaxCategory><cbc:ID>S</cbc:ID><cbc:Percent>19.00</cbc:Percent><cac:TaxScheme><cbc:ID>VAT</cbc:ID></cac:TaxScheme></cac:TaxCategory></cac:TaxSubtotal></cac:TaxTotal><cac:LegalMonetaryTotal><cbc:LineExtensionAmount currencyID="RON">5000.00</cbc:LineExtensionAmount><cbc:TaxExclusiveAmount currencyID="RON">5000.00</cbc:TaxExclusiveAmount><cbc:TaxInclusiveAmount currencyID="RON">5950.00</cbc:TaxInclusiveAmount><cbc:PayableAmount currencyID="RON">5950.00</cbc:PayableAmount></cac:LegalMonetaryTotal><cac:InvoiceLine><cbc:ID>1</cbc:ID><cbc:InvoicedQuantity unitCode="E53">100</cbc:InvoicedQuantity><cbc:LineExtensionAmount currencyID="RON">5000.00</cbc:LineExtensionAmount><cac:Item><cbc:Description>TESTE GAZE SANGUINE SI ECHILIBRU ACIDOBAZIC COMPATIBILE CU ANALIZORUL EPOC</cbc:Description><cbc:Name>TESTE GAZE SANGUINE SI ECHILIBRU</cbc:Name><cac:ClassifiedTaxCategory><cbc:ID>S</cbc:ID><cbc:Percent>19.00</cbc:Percent><cac:TaxScheme><cbc:ID>VAT</cbc:ID></cac:TaxScheme></cac:ClassifiedTaxCategory></cac:Item><cac:Price><cbc:PriceAmount currencyID="RON">50</cbc:PriceAmount></cac:Price></cac:InvoiceLine></Invoice>