<Invoice xsi:schemaLocation="urn:oasis:names:specification:ubl:schema:xsd:Invoice-2 http://docs.oasis-open.org/ubl/os-UBL-2.1/xsd/maindoc/UBL-Invoice-2.1.xsd" xmlns="urn:oasis:names:specification:ubl:schema:xsd:Invoice-2" xmlns:cac="urn:oasis:names:specification:ubl:schema:xsd:CommonAggregateComponents-2" xmlns:cbc="urn:oasis:names:specification:ubl:schema:xsd:CommonBasicComponents-2" xmlns:qdt="urn:oasis:names:specification:ubl:schema:xsd:QualifiedDataTypes-2" xmlns:udt="urn:oasis:names:specification:ubl:schema:xsd:UnqualifiedDataTypes-2" xmlns:ccts="urn:un:unece:uncefact:documentation:2" xmlns:xsi="http://www.w3.org/2001/XMLSchema-instance"><cbc:CustomizationID>urn:cen.eu:en16931:2017#compliant#urn:efactura.mfinante.ro:CIUS-RO:1.0.0</cbc:CustomizationID><cbc:ID>FK19111091</cbc:ID><cbc:IssueDate>2022-07-01</cbc:IssueDate><cbc:DueDate>2022-08-30</cbc:DueDate><cbc:InvoiceTypeCode>380</cbc:InvoiceTypeCode><cbc:DocumentCurrencyCode>RON</cbc:DocumentCurrencyCode><cac:AccountingSupplierParty><cac:Party><cac:PostalAddress><cbc:StreetName>Strada Henri Coanda, Nr. 2</cbc:StreetName><cbc:CityName>Ghimbav</cbc:CityName><cbc:PostalZone>2251</cbc:PostalZone><cbc:CountrySubentity>RO-BV</cbc:CountrySubentity><cac:Country><cbc:IdentificationCode>RO</cbc:IdentificationCode></cac:Country></cac:PostalAddress><cac:PartyTaxScheme><cbc:CompanyID>RO3391027</cbc:CompanyID><cac:TaxScheme><cbc:ID>VAT</cbc:ID></cac:TaxScheme></cac:PartyTaxScheme><cac:PartyLegalEntity><cbc:RegistrationName>FRESENIUS KABI ROMANIA SRL</cbc:RegistrationName><cbc:CompanyID>3391027</cbc:CompanyID></cac:PartyLegalEntity><cac:Contact><cbc:ElectronicMail>office@fresenius-kabi.ro</cbc:ElectronicMail></cac:Contact></cac:Party></cac:AccountingSupplierParty><cac:AccountingCustomerParty><cac:Party><cac:PostalAddress><cbc:StreetName>STR. NEGRU VODA, NR.47</cbc:StreetName><cbc:CityName>Pitesti</cbc:CityName><cbc:PostalZone>0300</cbc:PostalZone><cbc:CountrySubentity>RO-AG</cbc:CountrySubentity><cac:Country><cbc:IdentificationCode>RO</cbc:IdentificationCode></cac:Country></cac:PostalAddress><cac:PartyLegalEntity><cbc:RegistrationName>UNITATEA MILITARA 02497 - SPITALUL MILITAR PITESTI</cbc:RegistrationName><cbc:CompanyID>4318016</cbc:CompanyID></cac:PartyLegalEntity></cac:Party></cac:AccountingCustomerParty><cac:Delivery><cac:DeliveryLocation><cac:Address><cbc:StreetName>STR. NEGRU VODA, NR.47</cbc:StreetName><cbc:CityName>Pitesti</cbc:CityName><cbc:CountrySubentity>RO-AG</cbc:CountrySubentity><cac:Country><cbc:IdentificationCode>RO</cbc:IdentificationCode></cac:Country></cac:Address></cac:DeliveryLocation></cac:Delivery><cac:PaymentMeans><cbc:PaymentMeansCode>1</cbc:PaymentMeansCode></cac:PaymentMeans><cac:TaxTotal><cbc:TaxAmount currencyID="RON">17.55</cbc:TaxAmount><cac:TaxSubtotal><cbc:TaxableAmount currencyID="RON">195.00</cbc:TaxableAmount><cbc:TaxAmount currencyID="RON">17.55</cbc:TaxAmount><cac:TaxCategory><cbc:ID>S</cbc:ID><cbc:Percent>9</cbc:Percent><cac:TaxScheme><cbc:ID>VAT</cbc:ID></cac:TaxScheme></cac:TaxCategory></cac:TaxSubtotal></cac:TaxTotal><cac:LegalMonetaryTotal><cbc:LineExtensionAmount currencyID="RON">195.00</cbc:LineExtensionAmount><cbc:TaxExclusiveAmount currencyID="RON">195.00</cbc:TaxExclusiveAmount><cbc:TaxInclusiveAmount currencyID="RON">212.55</cbc:TaxInclusiveAmount><cbc:ChargeTotalAmount currencyID="RON">0.00</cbc:ChargeTotalAmount><cbc:PayableAmount currencyID="RON">212.55</cbc:PayableAmount></cac:LegalMonetaryTotal><cac:InvoiceLine><cbc:ID>1</cbc:ID><cbc:InvoicedQuantity unitCode="H87">6.00</cbc:InvoicedQuantity><cbc:LineExtensionAmount currencyID="RON">195.00</cbc:LineExtensionAmount><cac:Item><cbc:Name>LIDOCAINA KABI 20 mg/ml sol. inj., 5 ml x 50 fiole</cbc:Name><cac:CommodityClassification><cbc:ItemClassificationCode listID="STI">33661100-2</cbc:ItemClassificationCode></cac:CommodityClassification><cac:ClassifiedTaxCategory><cbc:ID>S</cbc:ID><cbc:Percent>9</cbc:Percent><cac:TaxScheme><cbc:ID>VAT</cbc:ID></cac:TaxScheme></cac:ClassifiedTaxCategory></cac:Item><cac:Price><cbc:PriceAmount currencyID="RON">32.50</cbc:PriceAmount></cac:Price></cac:InvoiceLine></Invoice>