<?xml version="1.0"?>
<Invoice xmlns:cbc="urn:oasis:names:specification:ubl:schema:xsd:CommonBasicComponents-2" xmlns:udt="urn:oasis:names:specification:ubl:schema:xsd:UnqualifiedDataTypes-2" xmlns:cac="urn:oasis:names:specification:ubl:schema:xsd:CommonAggregateComponents-2" xmlns:ccts="urn:un:unece:uncefact:documentation:2" xmlns="urn:oasis:names:specification:ubl:schema:xsd:Invoice-2" xmlns:qdt="urn:oasis:names:specification:ubl:schema:xsd:QualifiedDataTypes-2" xsi:schemaLocation="urn:oasis:names:specification:ubl:schema:xsd:Invoice-2 ../../UBL-2.1(1)/xsd/maindoc/UBL-Invoice-2.1.xsd" xmlns:xsi="http://www.w3.org/2001/XMLSchema-instance"><cbc:UBLVersionID>2.1</cbc:UBLVersionID><cbc:CustomizationID>urn:cen.eu:en16931:2017#compliant#urn:efactura.mfinante.ro:CIUS-RO:1.0.0</cbc:CustomizationID><cbc:ID>OLYF22 4974</cbc:ID><cbc:IssueDate>2022-07-05</cbc:IssueDate><cbc:DueDate>2022-09-03</cbc:DueDate><cbc:InvoiceTypeCode>380</cbc:InvoiceTypeCode><cbc:DocumentCurrencyCode>RON</cbc:DocumentCurrencyCode><cbc:TaxCurrencyCode>RON</cbc:TaxCurrencyCode><cac:OrderReference><cbc:ID>CTR 4524/27.05.2022</cbc:ID></cac:OrderReference><cac:AccountingSupplierParty><cac:Party><cbc:EndpointID schemeID="EM">office@olymel.ro</cbc:EndpointID><cac:PartyIdentification><cbc:ID>25347278     </cbc:ID></cac:PartyIdentification><cac:PostalAddress><cbc:StreetName>ORNAMENTULUI</cbc:StreetName><cbc:CityName>BUCURESTI</cbc:CityName><cbc:CountrySubentity>RO-B</cbc:CountrySubentity><cac:Country><cbc:IdentificationCode>RO</cbc:IdentificationCode></cac:Country></cac:PostalAddress><cac:PartyTaxScheme><cbc:CompanyID>RO25347278</cbc:CompanyID><cac:TaxScheme><cbc:ID>VAT</cbc:ID></cac:TaxScheme></cac:PartyTaxScheme><cac:PartyLegalEntity><cbc:RegistrationName>S.C. OLYMEL FLAMINGO SRL</cbc:RegistrationName><cbc:CompanyID>25347278</cbc:CompanyID><cbc:CompanyLegalForm>Societate comerciala</cbc:CompanyLegalForm></cac:PartyLegalEntity><cac:Contact><cbc:Telephone>0733.681.261</cbc:Telephone><cbc:ElectronicMail>office@olymel.ro</cbc:ElectronicMail></cac:Contact></cac:Party></cac:AccountingSupplierParty><cac:AccountingCustomerParty><cac:Party><cbc:EndpointID schemeID="EM">smupitesti2001@yahoo.com</cbc:EndpointID><cac:PartyIdentification><cbc:ID>4318016</cbc:ID></cac:PartyIdentification><cac:PostalAddress><cbc:StreetName>PITESTI, STR. NEGRU VODA, NR.47</cbc:StreetName><cbc:CityName>PITESTI</cbc:CityName><cbc:CountrySubentity>AG</cbc:CountrySubentity><cac:Country><cbc:IdentificationCode>RO</cbc:IdentificationCode></cac:Country></cac:PostalAddress><cac:PartyTaxScheme><cbc:CompanyID>RO4318016</cbc:CompanyID><cac:TaxScheme><cbc:ID>VAT</cbc:ID></cac:TaxScheme></cac:PartyTaxScheme><cac:PartyLegalEntity><cbc:RegistrationName>UNITATEA MILITARA 02497 PITESTI</cbc:RegistrationName><cbc:CompanyID>4318016</cbc:CompanyID></cac:PartyLegalEntity><cac:Contact><cbc:Telephone>0248.22.11.54</cbc:Telephone><cbc:ElectronicMail>smupitesti2001@yahoo.com</cbc:ElectronicMail></cac:Contact></cac:Party></cac:AccountingCustomerParty><cac:TaxTotal><cbc:TaxAmount currencyID="RON">225.22</cbc:TaxAmount><cac:TaxSubtotal><cbc:TaxableAmount currencyID="RON">2502.40</cbc:TaxableAmount><cbc:TaxAmount currencyID="RON">225.22</cbc:TaxAmount><cac:TaxCategory><cbc:ID>S</cbc:ID><cbc:Percent>9</cbc:Percent><cac:TaxScheme><cbc:ID>VAT</cbc:ID></cac:TaxScheme></cac:TaxCategory></cac:TaxSubtotal></cac:TaxTotal><cac:LegalMonetaryTotal><cbc:LineExtensionAmount currencyID="RON">2502.40</cbc:LineExtensionAmount><cbc:TaxExclusiveAmount currencyID="RON">2502.40</cbc:TaxExclusiveAmount><cbc:TaxInclusiveAmount currencyID="RON">2727.62</cbc:TaxInclusiveAmount><cbc:PayableAmount currencyID="RON">2727.62</cbc:PayableAmount></cac:LegalMonetaryTotal><cac:InvoiceLine><cbc:ID>1</cbc:ID><cbc:Note>Comanda nr. CTR 4524/27.05.2022
Cod CPV: 15112130-6</cbc:Note><cbc:InvoicedQuantity unitCode="KGM">60.200</cbc:InvoicedQuantity><cbc:LineExtensionAmount currencyID="RON">1324.40</cbc:LineExtensionAmount><cac:OrderLineReference><cbc:LineID>CTR 4524/27.05.2022</cbc:LineID></cac:OrderLineReference><cac:Item><cbc:Name>PULPE PUI DEZOSATE</cbc:Name><cac:SellersItemIdentification><cbc:ID>00001067</cbc:ID></cac:SellersItemIdentification><cac:CommodityClassification><cbc:ItemClassificationCode listID="STI">15112130-6</cbc:ItemClassificationCode></cac:CommodityClassification><cac:ClassifiedTaxCategory><cbc:ID>S</cbc:ID><cbc:Percent>9</cbc:Percent><cac:TaxScheme><cbc:ID>VAT</cbc:ID></cac:TaxScheme></cac:ClassifiedTaxCategory></cac:Item><cac:Price><cbc:PriceAmount currencyID="RON">22.0000</cbc:PriceAmount></cac:Price></cac:InvoiceLine><cac:InvoiceLine><cbc:ID>2</cbc:ID><cbc:Note>Comanda nr. CTR 4524/27.05.2022
Cod CPV: 15112130-6</cbc:Note><cbc:InvoicedQuantity unitCode="KGM">10.500</cbc:InvoicedQuantity><cbc:LineExtensionAmount currencyID="RON">294.00</cbc:LineExtensionAmount><cac:OrderLineReference><cbc:LineID>CTR 4524/27.05.2022</cbc:LineID></cac:OrderLineReference><cac:Item><cbc:Name>PIEPT DE PUI DEZOSAT</cbc:Name><cac:SellersItemIdentification><cbc:ID>00001066</cbc:ID></cac:SellersItemIdentification><cac:CommodityClassification><cbc:ItemClassificationCode listID="STI">15112130-6</cbc:ItemClassificationCode></cac:CommodityClassification><cac:ClassifiedTaxCategory><cbc:ID>S</cbc:ID><cbc:Percent>9</cbc:Percent><cac:TaxScheme><cbc:ID>VAT</cbc:ID></cac:TaxScheme></cac:ClassifiedTaxCategory></cac:Item><cac:Price><cbc:PriceAmount currencyID="RON">28.0000</cbc:PriceAmount></cac:Price></cac:InvoiceLine><cac:InvoiceLine><cbc:ID>3</cbc:ID><cbc:Note>Comanda nr. CTR 4524/27.05.2022
Cod CPV: 15530000-2</cbc:Note><cbc:InvoicedQuantity unitCode="KGM">20.000</cbc:InvoicedQuantity><cbc:LineExtensionAmount currencyID="RON">660.00</cbc:LineExtensionAmount><cac:OrderLineReference><cbc:LineID>CTR 4524/27.05.2022</cbc:LineID></cac:OrderLineReference><cac:Item><cbc:Name>UNT KG</cbc:Name><cac:SellersItemIdentification><cbc:ID>00000624</cbc:ID></cac:SellersItemIdentification><cac:CommodityClassification><cbc:ItemClassificationCode listID="STI">15530000-2</cbc:ItemClassificationCode></cac:CommodityClassification><cac:ClassifiedTaxCategory><cbc:ID>S</cbc:ID><cbc:Percent>9</cbc:Percent><cac:TaxScheme><cbc:ID>VAT</cbc:ID></cac:TaxScheme></cac:ClassifiedTaxCategory></cac:Item><cac:Price><cbc:PriceAmount currencyID="RON">33.0000</cbc:PriceAmount></cac:Price></cac:InvoiceLine><cac:InvoiceLine><cbc:ID>4</cbc:ID><cbc:Note>Comanda nr. CTR 4524/27.05.2022
Cod CPV: 15551300-8</cbc:Note><cbc:InvoicedQuantity unitCode="KGM">28.000</cbc:InvoicedQuantity><cbc:LineExtensionAmount currencyID="RON">224.00</cbc:LineExtensionAmount><cac:OrderLineReference><cbc:LineID>CTR 4524/27.05.2022</cbc:LineID></cac:OrderLineReference><cac:Item><cbc:Name>IAURT 1 KG</cbc:Name><cac:SellersItemIdentification><cbc:ID>00001451</cbc:ID></cac:SellersItemIdentification><cac:CommodityClassification><cbc:ItemClassificationCode listID="STI">15551300-8</cbc:ItemClassificationCode></cac:CommodityClassification><cac:ClassifiedTaxCategory><cbc:ID>S</cbc:ID><cbc:Percent>9</cbc:Percent><cac:TaxScheme><cbc:ID>VAT</cbc:ID></cac:TaxScheme></cac:ClassifiedTaxCategory></cac:Item><cac:Price><cbc:PriceAmount currencyID="RON">8.0000</cbc:PriceAmount></cac:Price></cac:InvoiceLine></Invoice>
