<?xml version="1.0"?>
<Invoice xmlns:cbc="urn:oasis:names:specification:ubl:schema:xsd:CommonBasicComponents-2" xmlns:udt="urn:oasis:names:specification:ubl:schema:xsd:UnqualifiedDataTypes-2" xmlns:cac="urn:oasis:names:specification:ubl:schema:xsd:CommonAggregateComponents-2" xmlns:ccts="urn:un:unece:uncefact:documentation:2" xmlns="urn:oasis:names:specification:ubl:schema:xsd:Invoice-2" xmlns:qdt="urn:oasis:names:specification:ubl:schema:xsd:QualifiedDataTypes-2" xsi:schemaLocation="urn:oasis:names:specification:ubl:schema:xsd:Invoice-2 ../../UBL-2.1(1)/xsd/maindoc/UBL-Invoice-2.1.xsd" xmlns:xsi="http://www.w3.org/2001/XMLSchema-instance"><cbc:UBLVersionID>2.1</cbc:UBLVersionID><cbc:CustomizationID>urn:cen.eu:en16931:2017#compliant#urn:efactura.mfinante.ro:CIUS-RO:1.0.0</cbc:CustomizationID><cbc:ID>BIOGTX2022-0847</cbc:ID><cbc:IssueDate>2022-07-11</cbc:IssueDate><cbc:DueDate>2022-09-11</cbc:DueDate><cbc:InvoiceTypeCode>380</cbc:InvoiceTypeCode><cbc:DocumentCurrencyCode>RON</cbc:DocumentCurrencyCode><cbc:TaxCurrencyCode>RON</cbc:TaxCurrencyCode><cac:AccountingSupplierParty><cac:Party><cbc:EndpointID schemeID="EM">office@biogenetix.ro</cbc:EndpointID><cac:PartyIdentification><cbc:ID>15845119     </cbc:ID></cac:PartyIdentification><cac:PostalAddress><cbc:StreetName>Unirii</cbc:StreetName><cbc:CityName>PETRESTI, CORBEANCA</cbc:CityName><cbc:CountrySubentity>RO-IF</cbc:CountrySubentity><cac:Country><cbc:IdentificationCode>RO</cbc:IdentificationCode></cac:Country></cac:PostalAddress><cac:PartyTaxScheme><cbc:CompanyID>RO15845119     </cbc:CompanyID><cac:TaxScheme><cbc:ID>VAT</cbc:ID></cac:TaxScheme></cac:PartyTaxScheme><cac:PartyLegalEntity><cbc:RegistrationName>SC BIOGENETIX SRL</cbc:RegistrationName><cbc:CompanyID>J23/563/2015</cbc:CompanyID><cbc:CompanyLegalForm>Societate comerciala</cbc:CompanyLegalForm></cac:PartyLegalEntity><cac:Contact><cbc:Name>COJOCARU LUCIAN</cbc:Name><cbc:Telephone>0752153596</cbc:Telephone><cbc:ElectronicMail>office@biogenetix.ro</cbc:ElectronicMail></cac:Contact></cac:Party></cac:AccountingSupplierParty><cac:AccountingCustomerParty><cac:Party><cac:PartyIdentification><cbc:ID>4318016</cbc:ID></cac:PartyIdentification><cac:PostalAddress><cbc:StreetName>PITESTI, STR. NEGRU VODA, NR.47</cbc:StreetName><cbc:CityName>PITESTI</cbc:CityName><cbc:CountrySubentity>AG</cbc:CountrySubentity><cac:Country><cbc:IdentificationCode>RO</cbc:IdentificationCode></cac:Country></cac:PostalAddress><cac:PartyTaxScheme><cbc:CompanyID>RO4318016             </cbc:CompanyID><cac:TaxScheme><cbc:ID>VAT</cbc:ID></cac:TaxScheme></cac:PartyTaxScheme><cac:PartyLegalEntity><cbc:RegistrationName>UNITATEA MILITARA 02497 PITESTI</cbc:RegistrationName><cbc:CompanyID>-/-/-</cbc:CompanyID></cac:PartyLegalEntity><cac:Contact><cbc:Telephone>0248218090</cbc:Telephone></cac:Contact></cac:Party></cac:AccountingCustomerParty><cac:TaxTotal><cbc:TaxAmount currencyID="RON">0.00</cbc:TaxAmount><cac:TaxSubtotal><cbc:TaxableAmount currencyID="RON">28070.00</cbc:TaxableAmount><cbc:TaxAmount currencyID="RON">0.00</cbc:TaxAmount><cac:TaxCategory><cbc:ID>Z</cbc:ID><cbc:Percent>0</cbc:Percent><cac:TaxScheme><cbc:ID>VAT</cbc:ID></cac:TaxScheme></cac:TaxCategory></cac:TaxSubtotal></cac:TaxTotal><cac:LegalMonetaryTotal><cbc:LineExtensionAmount currencyID="RON">28070.00</cbc:LineExtensionAmount><cbc:TaxExclusiveAmount currencyID="RON">28070.00</cbc:TaxExclusiveAmount><cbc:TaxInclusiveAmount currencyID="RON">28070.00</cbc:TaxInclusiveAmount><cbc:PayableAmount currencyID="RON">28070.00</cbc:PayableAmount></cac:LegalMonetaryTotal><cac:InvoiceLine><cbc:ID>1</cbc:ID><cbc:Note>Aviz nr. BIOGTX2022-0847/11.07.2022</cbc:Note><cbc:InvoicedQuantity unitCode="H87">2.000</cbc:InvoicedQuantity><cbc:LineExtensionAmount currencyID="RON">28070.00</cbc:LineExtensionAmount><cac:Item><cbc:Name>GENOMERA SARS-COV-2 ASSAY KIT 100 TESTE</cbc:Name><cac:SellersItemIdentification><cbc:ID>CDX-130-01-100</cbc:ID></cac:SellersItemIdentification><cac:ClassifiedTaxCategory><cbc:ID>Z</cbc:ID><cbc:Percent>0</cbc:Percent><cac:TaxScheme><cbc:ID>VAT</cbc:ID></cac:TaxScheme></cac:ClassifiedTaxCategory></cac:Item><cac:Price><cbc:PriceAmount currencyID="RON">14035.0000</cbc:PriceAmount></cac:Price></cac:InvoiceLine></Invoice>
