<?xml version="1.0" encoding="UTF-8" standalone="yes"?>
<Invoice xmlns:cac="urn:oasis:names:specification:ubl:schema:xsd:CommonAggregateComponents-2" xmlns:cbc="urn:oasis:names:specification:ubl:schema:xsd:CommonBasicComponents-2" xmlns:qdt="urn:oasis:names:specification:ubl:schema:xsd:QualifiedDataTypes-2" xmlns:udt="urn:oasis:names:specification:ubl:schema:xsd:UnqualifiedDataTypes-2" xmlns:ccts="urn:un:unece:uncefact:documentation:2" xmlns="urn:oasis:names:specification:ubl:schema:xsd:Invoice-2">
    <cbc:UBLVersionID>2.1</cbc:UBLVersionID>
    <cbc:CustomizationID>urn:cen.eu:en16931:2017#compliant#urn:efactura.mfinante.ro:CIUS-RO:1.0.0</cbc:CustomizationID>
    <cbc:ID>DZM202538</cbc:ID><!--BT-1-->
    <cbc:IssueDate>2022-07-11</cbc:IssueDate><!--BT-2-->
    <cbc:DueDate>2022-09-09</cbc:DueDate><!--BT-9-->
    <cbc:InvoiceTypeCode>380</cbc:InvoiceTypeCode><!--BT-3-->
    <cbc:Note>Prin acceptarea acestei facturi sunteti de acord ca societatea Dezimed SRL sa pastreze si sa prelucreze datele cu caracter personal conform reglementarilor legale in vigoare. Plata OP LA 60 ZILE
</cbc:Note><!--BT-22-->
    <cbc:DocumentCurrencyCode>RON</cbc:DocumentCurrencyCode><!--BT-5-->
    <cac:AccountingSupplierParty><!--BG-4-->
        <cac:Party>
            <cac:PostalAddress><!--BG-5-->
                <cbc:StreetName>Sos. Pandurilor nr. 29, bl. P2a, sc 1, et.7, ap. 31 camera 1</cbc:StreetName><!--BT-35-->
                <cbc:CityName>SECTOR5</cbc:CityName><!--BT-37-->
                <cbc:CountrySubentity>RO-B</cbc:CountrySubentity><!--BT-39-->
                <cac:Country>
                    <cbc:IdentificationCode>RO</cbc:IdentificationCode><!--BT-40-->
                </cac:Country>
            </cac:PostalAddress>
            <cac:PartyTaxScheme>
                <cbc:CompanyID>RO12933224</cbc:CompanyID><!--BT-31-->
                <cac:TaxScheme>
                    <cbc:ID>VAT</cbc:ID>
                </cac:TaxScheme>
            </cac:PartyTaxScheme>
            <cac:PartyLegalEntity>
                <cbc:RegistrationName>DEZIMED SRL</cbc:RegistrationName><!--BT-27-->
                <cbc:CompanyLegalForm>Capital social: 20000 lei</cbc:CompanyLegalForm><!--BT-33-->
            </cac:PartyLegalEntity>
            <cac:Contact><!--BG-6-->
                <cbc:Telephone>0214119117</cbc:Telephone><!--BT-42-->
                <cbc:ElectronicMail>dezimed@yahoo.com</cbc:ElectronicMail><!--BT-43-->
            </cac:Contact>
        </cac:Party>
    </cac:AccountingSupplierParty>
    <cac:AccountingCustomerParty><!--BG-7-->
        <cac:Party>
            <cac:PostalAddress><!--BG-8-->
                <cbc:StreetName>Str. Negru Voda, Nr.47"</cbc:StreetName><!--BT-50-->
                <cbc:CityName>Pitesti</cbc:CityName><!--BT-52-->
                <cbc:CountrySubentity>RO-AG</cbc:CountrySubentity><!--BT-54-->
                <cac:Country>
                    <cbc:IdentificationCode>RO</cbc:IdentificationCode><!--BT-55-->
                </cac:Country>
            </cac:PostalAddress>
            <cac:PartyTaxScheme>
                <cbc:CompanyID>4318016</cbc:CompanyID><!--BT-48-->
                <cac:TaxScheme/>
            </cac:PartyTaxScheme>
            <cac:PartyLegalEntity>
                <cbc:RegistrationName>UNITATEA MILITARA 02497</cbc:RegistrationName><!--BT-44-->
            </cac:PartyLegalEntity>
        </cac:Party>
    </cac:AccountingCustomerParty>
    <cac:TaxTotal>
        <cbc:TaxAmount currencyID="RON">113.68</cbc:TaxAmount><!--BT-110-->
        <cac:TaxSubtotal><!--BG-23-->
            <cbc:TaxableAmount currencyID="RON">598.30</cbc:TaxableAmount><!--BT-116-->
            <cbc:TaxAmount currencyID="RON">113.68</cbc:TaxAmount><!--BT-117-->
            <cac:TaxCategory>
                <cbc:ID>S</cbc:ID><!--BT-118-->
                <cbc:Percent>19.00</cbc:Percent><!--BT-119-->
                <cac:TaxScheme>
                    <cbc:ID>VAT</cbc:ID>
                </cac:TaxScheme>
            </cac:TaxCategory>
        </cac:TaxSubtotal>
    </cac:TaxTotal>
    <cac:LegalMonetaryTotal><!--BG-22-->
        <cbc:LineExtensionAmount currencyID="RON">598.30</cbc:LineExtensionAmount><!--BT-106-->
        <cbc:TaxExclusiveAmount currencyID="RON">598.30</cbc:TaxExclusiveAmount><!--BT-109-->
        <cbc:TaxInclusiveAmount currencyID="RON">711.98</cbc:TaxInclusiveAmount><!--BT-112-->
        <cbc:AllowanceTotalAmount currencyID="RON">0.00</cbc:AllowanceTotalAmount><!--BT-107-->
        <cbc:ChargeTotalAmount currencyID="RON">0</cbc:ChargeTotalAmount><!--BT-108-->
        <cbc:PrepaidAmount currencyID="RON">0</cbc:PrepaidAmount><!--BT-113-->
        <cbc:PayableRoundingAmount currencyID="RON">0.00</cbc:PayableRoundingAmount><!--BT-114-->
        <cbc:PayableAmount currencyID="RON">711.98</cbc:PayableAmount><!--BT-115-->
    </cac:LegalMonetaryTotal>
    <cac:InvoiceLine>
        <cbc:ID>1</cbc:ID><!--BT-126-->
        <cbc:InvoicedQuantity unitCode="H87">10.0000</cbc:InvoicedQuantity><!--BT-129 BT-130-->
        <cbc:LineExtensionAmount currencyID="RON">598.30</cbc:LineExtensionAmount><!--BT-131-->
        <cac:Item><!--BG-31-->
            <cbc:Name>OROLIN Multisept Plus - 1L</cbc:Name><!--BT-153-->
            <cac:ClassifiedTaxCategory>
                <cbc:ID>S</cbc:ID><!--BT-151-->
                <cbc:Percent>19.00</cbc:Percent><!--BT-152-->
                <cac:TaxScheme>
                    <cbc:ID>VAT</cbc:ID>
                </cac:TaxScheme>
            </cac:ClassifiedTaxCategory>
        </cac:Item>
        <cac:Price><!--BG-29-->
            <cbc:PriceAmount currencyID="RON">59.83</cbc:PriceAmount><!--BT-146-->
            <cbc:BaseQuantity unitCode="H87">10.0000</cbc:BaseQuantity><!--BT-149 BT-150-->
        </cac:Price>
    </cac:InvoiceLine>
</Invoice>
