<Invoice xmlns:xsi="http://www.w3.org/2001/XMLSchema-instance" xmlns:qdt="urn:oasis:names:specification:ubl:schema:xsd:QualifiedDataTypes-2" xmlns="urn:oasis:names:specification:ubl:schema:xsd:Invoice-2" xmlns:ccts="urn:un:unece:uncefact:documentation:2" xmlns:cac="urn:oasis:names:specification:ubl:schema:xsd:CommonAggregateComponents-2" xmlns:udt="urn:oasis:names:specification:ubl:schema:xsd:UnqualifiedDataTypes-2" xmlns:cbc="urn:oasis:names:specification:ubl:schema:xsd:CommonBasicComponents-2" xsi:schemaLocation="urn:oasis:names:specification:ubl:schema:xsd:Invoice-2 ../../UBL-2.1(1)/xsd/maindoc/UBL-Invoice-2.1.xsd"><cbc:UBLVersionID>2.1</cbc:UBLVersionID><cbc:CustomizationID>urn:cen.eu:en16931:2017#compliant#urn:efactura.mfinante.ro:CIUS-RO:1.0.0</cbc:CustomizationID><cbc:ID>ELLFTBU.14899302</cbc:ID><cbc:IssueDate>2022-07-01</cbc:IssueDate><cbc:DueDate>2022-07-31</cbc:DueDate><cbc:InvoiceTypeCode>380</cbc:InvoiceTypeCode><cbc:Note>Factura ELLFTBU.14899302</cbc:Note><cbc:TaxPointDate>2022-07-01</cbc:TaxPointDate><cbc:DocumentCurrencyCode>RON</cbc:DocumentCurrencyCode><cbc:TaxCurrencyCode>RON</cbc:TaxCurrencyCode><cac:OrderReference><cbc:ID>AG 452</cbc:ID></cac:OrderReference><cac:AccountingSupplierParty><cac:Party><cac:PartyName><cbc:Name>LA FANTANA SRL</cbc:Name></cac:PartyName><cac:PostalAddress><cbc:StreetName>Bd.Garii Obor</cbc:StreetName><cbc:AdditionalStreetName>8C</cbc:AdditionalStreetName><cbc:CityName>BUCURESTI</cbc:CityName><cbc:CountrySubentity>RO-B</cbc:CountrySubentity><cac:Country><cbc:IdentificationCode>RO</cbc:IdentificationCode></cac:Country></cac:PostalAddress><cac:PartyTaxScheme><cbc:CompanyID>RO35534516</cbc:CompanyID><cac:TaxScheme><cbc:ID>VAT</cbc:ID></cac:TaxScheme></cac:PartyTaxScheme><cac:PartyLegalEntity><cbc:CompanyID schemeID="0003">35534516</cbc:CompanyID></cac:PartyLegalEntity></cac:Party></cac:AccountingSupplierParty><cac:AccountingCustomerParty><cac:Party><cac:PartyName><cbc:Name>UNITATEA MILITARA 02497</cbc:Name></cac:PartyName><cac:PostalAddress><cbc:StreetName>NEGRU VODA</cbc:StreetName><cbc:AdditionalStreetName>47</cbc:AdditionalStreetName><cbc:CityName>Pitesti</cbc:CityName><cbc:CountrySubentity>RO-AG</cbc:CountrySubentity><cac:Country><cbc:IdentificationCode>RO</cbc:IdentificationCode></cac:Country></cac:PostalAddress><cac:PartyTaxScheme><cbc:CompanyID>RO4318016</cbc:CompanyID><cac:TaxScheme> </cac:TaxScheme></cac:PartyTaxScheme><cac:PartyLegalEntity><cbc:CompanyID schemeID="0005">4318016</cbc:CompanyID></cac:PartyLegalEntity></cac:Party></cac:AccountingCustomerParty><cac:TaxTotal><cbc:TaxAmount currencyID="RON">374.30</cbc:TaxAmount><cac:TaxSubtotal><cbc:TaxableAmount currencyID="RON">1970.00</cbc:TaxableAmount><cbc:TaxAmount currencyID="RON">374.30</cbc:TaxAmount><cac:TaxCategory><cbc:ID>S</cbc:ID><cbc:Percent>19.00</cbc:Percent><cac:TaxScheme><cbc:ID>VAT</cbc:ID></cac:TaxScheme></cac:TaxCategory></cac:TaxSubtotal></cac:TaxTotal><cac:LegalMonetaryTotal><cbc:LineExtensionAmount currencyID="RON">1970.00</cbc:LineExtensionAmount><cbc:TaxExclusiveAmount currencyID="RON">1970.00</cbc:TaxExclusiveAmount><cbc:TaxInclusiveAmount currencyID="RON">2344.30</cbc:TaxInclusiveAmount><cbc:PayableAmount currencyID="RON">2344.30</cbc:PayableAmount></cac:LegalMonetaryTotal><cac:InvoiceLine><cbc:ID>1</cbc:ID><cbc:Note>Abonament Purificator</cbc:Note><cbc:InvoicedQuantity unitCode="XPP">10.0000</cbc:InvoicedQuantity><cbc:LineExtensionAmount currencyID="RON">1120.00</cbc:LineExtensionAmount><cac:Item><cbc:Name>Abonament Purificator</cbc:Name><cac:ClassifiedTaxCategory><cbc:ID>S</cbc:ID><cbc:Percent>19.00</cbc:Percent><cac:TaxScheme><cbc:ID>VAT</cbc:ID></cac:TaxScheme></cac:ClassifiedTaxCategory></cac:Item><cac:Price><cbc:PriceAmount currencyID="RON">112.0000</cbc:PriceAmount><cbc:BaseQuantity unitCode="XPP">1.00</cbc:BaseQuantity></cac:Price></cac:InvoiceLine><cac:InvoiceLine><cbc:ID>2</cbc:ID><cbc:Note>Abonament Purificator</cbc:Note><cbc:InvoicedQuantity unitCode="XPP">5.0000</cbc:InvoicedQuantity><cbc:LineExtensionAmount currencyID="RON">560.00</cbc:LineExtensionAmount><cac:Item><cbc:Name>Abonament Purificator</cbc:Name><cac:ClassifiedTaxCategory><cbc:ID>S</cbc:ID><cbc:Percent>19.00</cbc:Percent><cac:TaxScheme><cbc:ID>VAT</cbc:ID></cac:TaxScheme></cac:ClassifiedTaxCategory></cac:Item><cac:Price><cbc:PriceAmount currencyID="RON">112.0000</cbc:PriceAmount><cbc:BaseQuantity unitCode="XPP">1.00</cbc:BaseQuantity></cac:Price></cac:InvoiceLine><cac:InvoiceLine><cbc:ID>3</cbc:ID><cbc:Note>Abonament Purificator</cbc:Note><cbc:InvoicedQuantity unitCode="XPP">2.0000</cbc:InvoicedQuantity><cbc:LineExtensionAmount currencyID="RON">290.00</cbc:LineExtensionAmount><cac:Item><cbc:Name>Abonament Purificator</cbc:Name><cac:ClassifiedTaxCategory><cbc:ID>S</cbc:ID><cbc:Percent>19.00</cbc:Percent><cac:TaxScheme><cbc:ID>VAT</cbc:ID></cac:TaxScheme></cac:ClassifiedTaxCategory></cac:Item><cac:Price><cbc:PriceAmount currencyID="RON">145.0000</cbc:PriceAmount><cbc:BaseQuantity unitCode="XPP">1.00</cbc:BaseQuantity></cac:Price></cac:InvoiceLine></Invoice>