<?xml version="1.0" encoding="utf-8"?>
<Invoice xmlns="urn:oasis:names:specification:ubl:schema:xsd:Invoice-2" xmlns:cbc="urn:oasis:names:specification:ubl:schema:xsd:CommonBasicComponents-2" xmlns:cac="urn:oasis:names:specification:ubl:schema:xsd:CommonAggregateComponents-2" xmlns:ns4="urn:oasis:names:specification:ubl:schema:xsd:CommonExtensionComponents-2" xmlns:xsi="http://www.w3.org/2001/XMLSchema-instance" xsi:schemaLocation="urn:oasis:names:specification:ubl:schema:xsd:Invoice-2 http://docs.oasis-open.org/ubl/os-UBL-2.1/xsd/maindoc/UBL-Invoice-2.1.xsd">
 <cbc:CustomizationID>urn:cen.eu:en16931:2017#compliant#urn:efactura.mfinante.ro:CIUS-RO:1.0.0</cbc:CustomizationID>
<cbc:ID>FLBM20220854</cbc:ID>
<cbc:IssueDate>2022-07-07</cbc:IssueDate>
<cbc:DueDate>2022-07-07</cbc:DueDate>
<cbc:InvoiceTypeCode>380</cbc:InvoiceTypeCode>
<cbc:Note>conform comanda A29306.07.2022</cbc:Note>
<cbc:DocumentCurrencyCode>RON</cbc:DocumentCurrencyCode>
<cac:AccountingSupplierParty>
<cac:Party>
<cac:PostalAddress>
<cbc:StreetName>STR. 22 DECEMBRIE 1989,  NR.50,  AP.11, MUN. TIRGU MURES, MURES</cbc:StreetName>
<cbc:CityName>MUN. TRGU MURE</cbc:CityName>
<cbc:CountrySubentity>RO-MM</cbc:CountrySubentity>
<cac:Country>
<cbc:IdentificationCode>RO</cbc:IdentificationCode>
</cac:Country>
</cac:PostalAddress>
<cac:PartyTaxScheme>
<cbc:CompanyID>RO35826022</cbc:CompanyID>
<cac:TaxScheme>
<cbc:ID>VAT</cbc:ID>
</cac:TaxScheme>
</cac:PartyTaxScheme>
<cac:PartyLegalEntity>
<cbc:RegistrationName>LABELMARK SOLUTION SRL</cbc:RegistrationName>
<cbc:CompanyID>35826022</cbc:CompanyID>
</cac:PartyLegalEntity>
<cac:Contact>
<cbc:Telephone>0365432766</cbc:Telephone>
<cbc:ElectronicMail>office@labelmark.ro</cbc:ElectronicMail>
</cac:Contact>
</cac:Party>
</cac:AccountingSupplierParty>
<cac:AccountingCustomerParty>
<cac:Party>
<cac:PostalAddress>
<cbc:StreetName>STR.NEGRU VODA NR 47</cbc:StreetName>
<cbc:CityName>Pitesti</cbc:CityName>
<cbc:CountrySubentity>RO-AG</cbc:CountrySubentity>
<cac:Country>
<cbc:IdentificationCode>RO</cbc:IdentificationCode>
</cac:Country>
</cac:PostalAddress>
<cac:PartyTaxScheme>
<cbc:CompanyID>4318016</cbc:CompanyID>
<cac:TaxScheme/>
</cac:PartyTaxScheme>
<cac:PartyLegalEntity>
<cbc:RegistrationName>UNITATEA MILITARA 02497</cbc:RegistrationName>
<cbc:CompanyID>4318016</cbc:CompanyID>
</cac:PartyLegalEntity>
</cac:Party>
</cac:AccountingCustomerParty>
<cac:PaymentMeans>
<cbc:PaymentMeansCode name="Debit transfer">31</cbc:PaymentMeansCode>
<cbc:InstructionNote>Ordin de plata</cbc:InstructionNote>
<cbc:PaymentID>1</cbc:PaymentID>
<cac:PayeeFinancialAccount>
<cbc:ID>RO09TREZ4765069XXX018353</cbc:ID>
</cac:PayeeFinancialAccount>
</cac:PaymentMeans>
<cac:TaxTotal>
<cbc:TaxAmount currencyID="RON">216.60</cbc:TaxAmount>
<cac:TaxSubtotal>
<cbc:TaxableAmount currencyID="RON">1140.00</cbc:TaxableAmount>
<cbc:TaxAmount currencyID="RON">216.60</cbc:TaxAmount>
<cac:TaxCategory>
<cbc:ID>S</cbc:ID>
<cbc:Percent>19</cbc:Percent>
<cac:TaxScheme>
<cbc:ID>VAT</cbc:ID>
</cac:TaxScheme>
</cac:TaxCategory>
</cac:TaxSubtotal>
</cac:TaxTotal>
<cac:LegalMonetaryTotal>
<cbc:LineExtensionAmount currencyID="RON">1140.00</cbc:LineExtensionAmount>
<cbc:TaxExclusiveAmount currencyID="RON">1140.00</cbc:TaxExclusiveAmount>
<cbc:TaxInclusiveAmount currencyID="RON">1356.60</cbc:TaxInclusiveAmount>
<cbc:AllowanceTotalAmount currencyID="RON">0</cbc:AllowanceTotalAmount>
<cbc:PrepaidAmount currencyID="RON">0.00</cbc:PrepaidAmount>
<cbc:PayableAmount currencyID="RON">1356.60</cbc:PayableAmount>
</cac:LegalMonetaryTotal>
<cac:InvoiceLine>
<cbc:ID>1</cbc:ID>
<cbc:InvoicedQuantity unitCode="H87">14250.0000</cbc:InvoicedQuantity>
<cbc:LineExtensionAmount currencyID="RON">1140.00</cbc:LineExtensionAmount>
<cac:Item>
<cbc:Name>Pachet etichete de siguranta seringi anestezie</cbc:Name>
<cac:ClassifiedTaxCategory>
<cbc:ID>S</cbc:ID>
<cbc:Percent>19</cbc:Percent>
<cac:TaxScheme>
<cbc:ID>VAT</cbc:ID>
</cac:TaxScheme>
</cac:ClassifiedTaxCategory>
</cac:Item>
<cac:Price>
<cbc:PriceAmount currencyID="RON">0.08</cbc:PriceAmount>
</cac:Price>
</cac:InvoiceLine>
</Invoice>