<?xml version="1.0"?>
<Invoice xmlns:cbc="urn:oasis:names:specification:ubl:schema:xsd:CommonBasicComponents-2" xmlns:udt="urn:oasis:names:specification:ubl:schema:xsd:UnqualifiedDataTypes-2" xmlns:cac="urn:oasis:names:specification:ubl:schema:xsd:CommonAggregateComponents-2" xmlns:ccts="urn:un:unece:uncefact:documentation:2" xmlns="urn:oasis:names:specification:ubl:schema:xsd:Invoice-2" xmlns:qdt="urn:oasis:names:specification:ubl:schema:xsd:QualifiedDataTypes-2" xsi:schemaLocation="urn:oasis:names:specification:ubl:schema:xsd:Invoice-2 ../../UBL-2.1(1)/xsd/maindoc/UBL-Invoice-2.1.xsd" xmlns:xsi="http://www.w3.org/2001/XMLSchema-instance"><cbc:UBLVersionID>2.1</cbc:UBLVersionID><cbc:CustomizationID>urn:cen.eu:en16931:2017#compliant#urn:efactura.mfinante.ro:CIUS-RO:1.0.0</cbc:CustomizationID><cbc:ID>18392</cbc:ID><cbc:IssueDate>2022-07-04</cbc:IssueDate><cbc:DueDate>2022-09-03</cbc:DueDate><cbc:InvoiceTypeCode>380</cbc:InvoiceTypeCode><cbc:Note>Telefon 0332100946;
Email contact@hospitalnet.ro;
Trezorerie operativa Municipiul Iasi ;
IBAN RO16TREZ4065069XXX013449;
IBAN RO67RZBR0000060017013569;
Banca RAIFFEISEN Iasi;
;
;
;
;
;
;
;
;
;
;
;
;
;
;
</cbc:Note><cbc:DocumentCurrencyCode>RON</cbc:DocumentCurrencyCode><cbc:TaxCurrencyCode>RON</cbc:TaxCurrencyCode><cac:AccountingSupplierParty><cac:Party><cbc:EndpointID schemeID="EM">contact@allpedia.ro</cbc:EndpointID><cac:PartyIdentification><cbc:ID>25231140     </cbc:ID></cac:PartyIdentification><cac:PostalAddress><cbc:StreetName>Ungheni</cbc:StreetName><cbc:CityName>IASI</cbc:CityName><cbc:CountrySubentity>RO-IS</cbc:CountrySubentity><cac:Country><cbc:IdentificationCode>RO</cbc:IdentificationCode></cac:Country></cac:PostalAddress><cac:PartyTaxScheme><cbc:CompanyID>RO25231140</cbc:CompanyID><cac:TaxScheme><cbc:ID>VAT</cbc:ID></cac:TaxScheme></cac:PartyTaxScheme><cac:PartyLegalEntity><cbc:RegistrationName>S.C. INNOVATE INFORMATIONAL TECHNOLOGY SRL</cbc:RegistrationName><cbc:CompanyID>25231140</cbc:CompanyID><cbc:CompanyLegalForm>Societate comerciala</cbc:CompanyLegalForm></cac:PartyLegalEntity><cac:Contact><cbc:Name>Haliga Dan Ioan</cbc:Name><cbc:Telephone>0332100946</cbc:Telephone><cbc:ElectronicMail>contact@allpedia.ro</cbc:ElectronicMail></cac:Contact></cac:Party></cac:AccountingSupplierParty><cac:AccountingCustomerParty><cac:Party><cac:PartyIdentification><cbc:ID>4318016</cbc:ID></cac:PartyIdentification><cac:PostalAddress><cbc:StreetName>PITESTI, STR. NEGRU VODA, NR.47</cbc:StreetName><cbc:CityName>PITESTI</cbc:CityName><cbc:CountrySubentity>AG</cbc:CountrySubentity><cac:Country><cbc:IdentificationCode>RO</cbc:IdentificationCode></cac:Country></cac:PostalAddress><cac:PartyTaxScheme><cbc:CompanyID>RO4318016</cbc:CompanyID><cac:TaxScheme><cbc:ID>VAT</cbc:ID></cac:TaxScheme></cac:PartyTaxScheme><cac:PartyLegalEntity><cbc:RegistrationName>MINISTERUL APARARII UNITATEA MILITARA 02497</cbc:RegistrationName><cbc:CompanyID>4318016</cbc:CompanyID></cac:PartyLegalEntity><cac:Contact><cbc:Telephone>0248221154</cbc:Telephone></cac:Contact></cac:Party></cac:AccountingCustomerParty><cac:TaxTotal><cbc:TaxAmount currencyID="RON">285.00</cbc:TaxAmount><cac:TaxSubtotal><cbc:TaxableAmount currencyID="RON">1500.00</cbc:TaxableAmount><cbc:TaxAmount currencyID="RON">285.00</cbc:TaxAmount><cac:TaxCategory><cbc:ID>S</cbc:ID><cbc:Percent>19</cbc:Percent><cac:TaxScheme><cbc:ID>VAT</cbc:ID></cac:TaxScheme></cac:TaxCategory></cac:TaxSubtotal></cac:TaxTotal><cac:LegalMonetaryTotal><cbc:LineExtensionAmount currencyID="RON">1500.00</cbc:LineExtensionAmount><cbc:TaxExclusiveAmount currencyID="RON">1500.00</cbc:TaxExclusiveAmount><cbc:TaxInclusiveAmount currencyID="RON">1785.00</cbc:TaxInclusiveAmount><cbc:PayableAmount currencyID="RON">1785.00</cbc:PayableAmount></cac:LegalMonetaryTotal><cac:InvoiceLine><cbc:ID>1</cbc:ID><cbc:Note>Luna IUNIE 2022, conform contract nr.A2463/23.03.2022</cbc:Note><cbc:InvoicedQuantity unitCode="H87">1.000</cbc:InvoicedQuantity><cbc:LineExtensionAmount currencyID="RON">1500.00</cbc:LineExtensionAmount><cac:Item><cbc:Name>CONTRAVALOARE SERVICII AFERENTE</cbc:Name><cac:SellersItemIdentification><cbc:ID>00000724</cbc:ID></cac:SellersItemIdentification><cac:CommodityClassification><cbc:ItemClassificationCode listID="STI">72316000-3</cbc:ItemClassificationCode></cac:CommodityClassification><cac:ClassifiedTaxCategory><cbc:ID>S</cbc:ID><cbc:Percent>19</cbc:Percent><cac:TaxScheme><cbc:ID>VAT</cbc:ID></cac:TaxScheme></cac:ClassifiedTaxCategory></cac:Item><cac:Price><cbc:PriceAmount currencyID="RON">1500.0000</cbc:PriceAmount></cac:Price></cac:InvoiceLine></Invoice>
