<?xml version="1.0" encoding="UTF-8" standalone="no"?><Invoice xmlns="urn:oasis:names:specification:ubl:schema:xsd:Invoice-2"><cbc:CustomizationID xmlns:cbc="urn:oasis:names:specification:ubl:schema:xsd:CommonBasicComponents-2">urn:cen.eu:en16931:2017#compliant#urn:efactura.mfinante.ro:CIUS-RO:1.0.0</cbc:CustomizationID><cbc:ID xmlns:cbc="urn:oasis:names:specification:ubl:schema:xsd:CommonBasicComponents-2">7500463605</cbc:ID><cbc:IssueDate xmlns:cbc="urn:oasis:names:specification:ubl:schema:xsd:CommonBasicComponents-2">2022-07-01</cbc:IssueDate><cbc:DueDate xmlns:cbc="urn:oasis:names:specification:ubl:schema:xsd:CommonBasicComponents-2">2022-07-31</cbc:DueDate><cbc:InvoiceTypeCode xmlns:cbc="urn:oasis:names:specification:ubl:schema:xsd:CommonBasicComponents-2">380</cbc:InvoiceTypeCode><cbc:TaxPointDate xmlns:cbc="urn:oasis:names:specification:ubl:schema:xsd:CommonBasicComponents-2">2022-07-31</cbc:TaxPointDate><cbc:DocumentCurrencyCode xmlns:cbc="urn:oasis:names:specification:ubl:schema:xsd:CommonBasicComponents-2">RON</cbc:DocumentCurrencyCode><cac:AccountingSupplierParty xmlns:cac="urn:oasis:names:specification:ubl:schema:xsd:CommonAggregateComponents-2"><cac:Party><cac:PostalAddress><cbc:StreetName xmlns:cbc="urn:oasis:names:specification:ubl:schema:xsd:CommonBasicComponents-2">ALEXEI TOLSTOI 8</cbc:StreetName><cbc:CityName xmlns:cbc="urn:oasis:names:specification:ubl:schema:xsd:CommonBasicComponents-2">Bacau</cbc:CityName><cbc:PostalZone xmlns:cbc="urn:oasis:names:specification:ubl:schema:xsd:CommonBasicComponents-2">600093</cbc:PostalZone><cbc:CountrySubentity xmlns:cbc="urn:oasis:names:specification:ubl:schema:xsd:CommonBasicComponents-2">RO-BC</cbc:CountrySubentity><cac:Country><cbc:IdentificationCode xmlns:cbc="urn:oasis:names:specification:ubl:schema:xsd:CommonBasicComponents-2">RO</cbc:IdentificationCode></cac:Country></cac:PostalAddress><cac:PartyTaxScheme><cbc:CompanyID xmlns:cbc="urn:oasis:names:specification:ubl:schema:xsd:CommonBasicComponents-2">RO2816464</cbc:CompanyID><cac:TaxScheme><cbc:ID xmlns:cbc="urn:oasis:names:specification:ubl:schema:xsd:CommonBasicComponents-2">VAT</cbc:ID></cac:TaxScheme></cac:PartyTaxScheme><cac:PartyLegalEntity><cbc:RegistrationName xmlns:cbc="urn:oasis:names:specification:ubl:schema:xsd:CommonBasicComponents-2">DEDEMAN SRL</cbc:RegistrationName><cbc:CompanyID xmlns:cbc="urn:oasis:names:specification:ubl:schema:xsd:CommonBasicComponents-2">RO2816464</cbc:CompanyID></cac:PartyLegalEntity></cac:Party></cac:AccountingSupplierParty><cac:AccountingCustomerParty xmlns:cac="urn:oasis:names:specification:ubl:schema:xsd:CommonAggregateComponents-2"><cac:Party><cac:PostalAddress><cbc:StreetName xmlns:cbc="urn:oasis:names:specification:ubl:schema:xsd:CommonBasicComponents-2">NEGRU VODA 47</cbc:StreetName><cbc:CityName xmlns:cbc="urn:oasis:names:specification:ubl:schema:xsd:CommonBasicComponents-2">PITESTI</cbc:CityName><cbc:CountrySubentity xmlns:cbc="urn:oasis:names:specification:ubl:schema:xsd:CommonBasicComponents-2">RO-AG</cbc:CountrySubentity><cac:Country><cbc:IdentificationCode xmlns:cbc="urn:oasis:names:specification:ubl:schema:xsd:CommonBasicComponents-2">RO</cbc:IdentificationCode></cac:Country></cac:PostalAddress><cac:PartyLegalEntity><cbc:RegistrationName xmlns:cbc="urn:oasis:names:specification:ubl:schema:xsd:CommonBasicComponents-2">UNITATEA MILITARA 02497</cbc:RegistrationName><cbc:CompanyID xmlns:cbc="urn:oasis:names:specification:ubl:schema:xsd:CommonBasicComponents-2">4318016</cbc:CompanyID></cac:PartyLegalEntity></cac:Party></cac:AccountingCustomerParty><cac:Delivery xmlns:cac="urn:oasis:names:specification:ubl:schema:xsd:CommonAggregateComponents-2"><cbc:ActualDeliveryDate xmlns:cbc="urn:oasis:names:specification:ubl:schema:xsd:CommonBasicComponents-2">2022-07-01</cbc:ActualDeliveryDate><cac:DeliveryLocation><cac:Address><cbc:StreetName xmlns:cbc="urn:oasis:names:specification:ubl:schema:xsd:CommonBasicComponents-2">NEGRU VODA 47</cbc:StreetName><cbc:CityName xmlns:cbc="urn:oasis:names:specification:ubl:schema:xsd:CommonBasicComponents-2">PITESTI</cbc:CityName><cbc:CountrySubentity xmlns:cbc="urn:oasis:names:specification:ubl:schema:xsd:CommonBasicComponents-2">RO-AG</cbc:CountrySubentity><cac:Country><cbc:IdentificationCode xmlns:cbc="urn:oasis:names:specification:ubl:schema:xsd:CommonBasicComponents-2">RO</cbc:IdentificationCode></cac:Country></cac:Address></cac:DeliveryLocation></cac:Delivery><cac:PaymentMeans xmlns:cac="urn:oasis:names:specification:ubl:schema:xsd:CommonAggregateComponents-2"><cbc:PaymentMeansCode xmlns:cbc="urn:oasis:names:specification:ubl:schema:xsd:CommonBasicComponents-2">ZZZ</cbc:PaymentMeansCode></cac:PaymentMeans><cac:TaxTotal xmlns:cac="urn:oasis:names:specification:ubl:schema:xsd:CommonAggregateComponents-2"><cbc:TaxAmount xmlns:cbc="urn:oasis:names:specification:ubl:schema:xsd:CommonBasicComponents-2" currencyID="RON">262.09</cbc:TaxAmount><cac:TaxSubtotal><cbc:TaxableAmount xmlns:cbc="urn:oasis:names:specification:ubl:schema:xsd:CommonBasicComponents-2" currencyID="RON">1379.43</cbc:TaxableAmount><cbc:TaxAmount xmlns:cbc="urn:oasis:names:specification:ubl:schema:xsd:CommonBasicComponents-2" currencyID="RON">262.09</cbc:TaxAmount><cac:TaxCategory><cbc:ID xmlns:cbc="urn:oasis:names:specification:ubl:schema:xsd:CommonBasicComponents-2">S</cbc:ID><cbc:Percent xmlns:cbc="urn:oasis:names:specification:ubl:schema:xsd:CommonBasicComponents-2">19</cbc:Percent><cac:TaxScheme><cbc:ID xmlns:cbc="urn:oasis:names:specification:ubl:schema:xsd:CommonBasicComponents-2">VAT</cbc:ID></cac:TaxScheme></cac:TaxCategory></cac:TaxSubtotal></cac:TaxTotal><cac:LegalMonetaryTotal xmlns:cac="urn:oasis:names:specification:ubl:schema:xsd:CommonAggregateComponents-2"><cbc:LineExtensionAmount xmlns:cbc="urn:oasis:names:specification:ubl:schema:xsd:CommonBasicComponents-2" currencyID="RON">1379.43</cbc:LineExtensionAmount><cbc:TaxExclusiveAmount xmlns:cbc="urn:oasis:names:specification:ubl:schema:xsd:CommonBasicComponents-2" currencyID="RON">1379.43</cbc:TaxExclusiveAmount><cbc:TaxInclusiveAmount xmlns:cbc="urn:oasis:names:specification:ubl:schema:xsd:CommonBasicComponents-2" currencyID="RON">1641.52</cbc:TaxInclusiveAmount><cbc:PayableAmount xmlns:cbc="urn:oasis:names:specification:ubl:schema:xsd:CommonBasicComponents-2" currencyID="RON">1641.52</cbc:PayableAmount></cac:LegalMonetaryTotal><cac:InvoiceLine xmlns:cac="urn:oasis:names:specification:ubl:schema:xsd:CommonAggregateComponents-2"><cbc:ID xmlns:cbc="urn:oasis:names:specification:ubl:schema:xsd:CommonBasicComponents-2">1</cbc:ID><cbc:InvoicedQuantity xmlns:cbc="urn:oasis:names:specification:ubl:schema:xsd:CommonBasicComponents-2" unitCode="XPP">1</cbc:InvoicedQuantity><cbc:LineExtensionAmount xmlns:cbc="urn:oasis:names:specification:ubl:schema:xsd:CommonBasicComponents-2" currencyID="RON">222.7</cbc:LineExtensionAmount><cac:Item><cbc:Name xmlns:cbc="urn:oasis:names:specification:ubl:schema:xsd:CommonBasicComponents-2">BATERIE START FLOW LAVOAR CU VS 23809000</cbc:Name><cac:ClassifiedTaxCategory><cbc:ID xmlns:cbc="urn:oasis:names:specification:ubl:schema:xsd:CommonBasicComponents-2">S</cbc:ID><cbc:Percent xmlns:cbc="urn:oasis:names:specification:ubl:schema:xsd:CommonBasicComponents-2">19</cbc:Percent><cac:TaxScheme><cbc:ID xmlns:cbc="urn:oasis:names:specification:ubl:schema:xsd:CommonBasicComponents-2">VAT</cbc:ID></cac:TaxScheme></cac:ClassifiedTaxCategory></cac:Item><cac:Price><cbc:PriceAmount xmlns:cbc="urn:oasis:names:specification:ubl:schema:xsd:CommonBasicComponents-2" currencyID="RON">222.70</cbc:PriceAmount></cac:Price></cac:InvoiceLine><cac:InvoiceLine xmlns:cac="urn:oasis:names:specification:ubl:schema:xsd:CommonAggregateComponents-2"><cbc:ID xmlns:cbc="urn:oasis:names:specification:ubl:schema:xsd:CommonBasicComponents-2">2</cbc:ID><cbc:InvoicedQuantity xmlns:cbc="urn:oasis:names:specification:ubl:schema:xsd:CommonBasicComponents-2" unitCode="XPP">1</cbc:InvoicedQuantity><cbc:LineExtensionAmount xmlns:cbc="urn:oasis:names:specification:ubl:schema:xsd:CommonBasicComponents-2" currencyID="RON">461.34</cbc:LineExtensionAmount><cac:Item><cbc:Name xmlns:cbc="urn:oasis:names:specification:ubl:schema:xsd:CommonBasicComponents-2">MELANY BAZA 2U+LAV 65+DULAP SUSP (PARIS)</cbc:Name><cac:ClassifiedTaxCategory><cbc:ID xmlns:cbc="urn:oasis:names:specification:ubl:schema:xsd:CommonBasicComponents-2">S</cbc:ID><cbc:Percent xmlns:cbc="urn:oasis:names:specification:ubl:schema:xsd:CommonBasicComponents-2">19</cbc:Percent><cac:TaxScheme><cbc:ID xmlns:cbc="urn:oasis:names:specification:ubl:schema:xsd:CommonBasicComponents-2">VAT</cbc:ID></cac:TaxScheme></cac:ClassifiedTaxCategory></cac:Item><cac:Price><cbc:PriceAmount xmlns:cbc="urn:oasis:names:specification:ubl:schema:xsd:CommonBasicComponents-2" currencyID="RON">461.34</cbc:PriceAmount></cac:Price></cac:InvoiceLine><cac:InvoiceLine xmlns:cac="urn:oasis:names:specification:ubl:schema:xsd:CommonAggregateComponents-2"><cbc:ID xmlns:cbc="urn:oasis:names:specification:ubl:schema:xsd:CommonBasicComponents-2">3</cbc:ID><cbc:InvoicedQuantity xmlns:cbc="urn:oasis:names:specification:ubl:schema:xsd:CommonBasicComponents-2" unitCode="XPP">1</cbc:InvoicedQuantity><cbc:LineExtensionAmount xmlns:cbc="urn:oasis:names:specification:ubl:schema:xsd:CommonBasicComponents-2" currencyID="RON">99.16</cbc:LineExtensionAmount><cac:Item><cbc:Name xmlns:cbc="urn:oasis:names:specification:ubl:schema:xsd:CommonBasicComponents-2">USITA VIZITARE DT17Z 450X450</cbc:Name><cac:ClassifiedTaxCategory><cbc:ID xmlns:cbc="urn:oasis:names:specification:ubl:schema:xsd:CommonBasicComponents-2">S</cbc:ID><cbc:Percent xmlns:cbc="urn:oasis:names:specification:ubl:schema:xsd:CommonBasicComponents-2">19</cbc:Percent><cac:TaxScheme><cbc:ID xmlns:cbc="urn:oasis:names:specification:ubl:schema:xsd:CommonBasicComponents-2">VAT</cbc:ID></cac:TaxScheme></cac:ClassifiedTaxCategory></cac:Item><cac:Price><cbc:PriceAmount xmlns:cbc="urn:oasis:names:specification:ubl:schema:xsd:CommonBasicComponents-2" currencyID="RON">99.16</cbc:PriceAmount></cac:Price></cac:InvoiceLine><cac:InvoiceLine xmlns:cac="urn:oasis:names:specification:ubl:schema:xsd:CommonAggregateComponents-2"><cbc:ID xmlns:cbc="urn:oasis:names:specification:ubl:schema:xsd:CommonBasicComponents-2">4</cbc:ID><cbc:InvoicedQuantity xmlns:cbc="urn:oasis:names:specification:ubl:schema:xsd:CommonBasicComponents-2" unitCode="XPP">1</cbc:InvoicedQuantity><cbc:LineExtensionAmount xmlns:cbc="urn:oasis:names:specification:ubl:schema:xsd:CommonBasicComponents-2" currencyID="RON">333.61</cbc:LineExtensionAmount><cac:Item><cbc:Name xmlns:cbc="urn:oasis:names:specification:ubl:schema:xsd:CommonBasicComponents-2">RADIATOR OTEL 22K 600X1000 FERROLI</cbc:Name><cac:ClassifiedTaxCategory><cbc:ID xmlns:cbc="urn:oasis:names:specification:ubl:schema:xsd:CommonBasicComponents-2">S</cbc:ID><cbc:Percent xmlns:cbc="urn:oasis:names:specification:ubl:schema:xsd:CommonBasicComponents-2">19</cbc:Percent><cac:TaxScheme><cbc:ID xmlns:cbc="urn:oasis:names:specification:ubl:schema:xsd:CommonBasicComponents-2">VAT</cbc:ID></cac:TaxScheme></cac:ClassifiedTaxCategory></cac:Item><cac:Price><cbc:PriceAmount xmlns:cbc="urn:oasis:names:specification:ubl:schema:xsd:CommonBasicComponents-2" currencyID="RON">333.61</cbc:PriceAmount></cac:Price></cac:InvoiceLine><cac:InvoiceLine xmlns:cac="urn:oasis:names:specification:ubl:schema:xsd:CommonAggregateComponents-2"><cbc:ID xmlns:cbc="urn:oasis:names:specification:ubl:schema:xsd:CommonBasicComponents-2">5</cbc:ID><cbc:InvoicedQuantity xmlns:cbc="urn:oasis:names:specification:ubl:schema:xsd:CommonBasicComponents-2" unitCode="XPP">4</cbc:InvoicedQuantity><cbc:LineExtensionAmount xmlns:cbc="urn:oasis:names:specification:ubl:schema:xsd:CommonBasicComponents-2" currencyID="RON">71.36</cbc:LineExtensionAmount><cac:Item><cbc:Name xmlns:cbc="urn:oasis:names:specification:ubl:schema:xsd:CommonBasicComponents-2">ROATA PIV OTEL/CAUCIUC 100MM 70KG+PLACA</cbc:Name><cac:ClassifiedTaxCategory><cbc:ID xmlns:cbc="urn:oasis:names:specification:ubl:schema:xsd:CommonBasicComponents-2">S</cbc:ID><cbc:Percent xmlns:cbc="urn:oasis:names:specification:ubl:schema:xsd:CommonBasicComponents-2">19</cbc:Percent><cac:TaxScheme><cbc:ID xmlns:cbc="urn:oasis:names:specification:ubl:schema:xsd:CommonBasicComponents-2">VAT</cbc:ID></cac:TaxScheme></cac:ClassifiedTaxCategory></cac:Item><cac:Price><cbc:PriceAmount xmlns:cbc="urn:oasis:names:specification:ubl:schema:xsd:CommonBasicComponents-2" currencyID="RON">17.84</cbc:PriceAmount></cac:Price></cac:InvoiceLine><cac:InvoiceLine xmlns:cac="urn:oasis:names:specification:ubl:schema:xsd:CommonAggregateComponents-2"><cbc:ID xmlns:cbc="urn:oasis:names:specification:ubl:schema:xsd:CommonBasicComponents-2">6</cbc:ID><cbc:InvoicedQuantity xmlns:cbc="urn:oasis:names:specification:ubl:schema:xsd:CommonBasicComponents-2" unitCode="XPP">2</cbc:InvoicedQuantity><cbc:LineExtensionAmount xmlns:cbc="urn:oasis:names:specification:ubl:schema:xsd:CommonBasicComponents-2" currencyID="RON">40.17</cbc:LineExtensionAmount><cac:Item><cbc:Name xmlns:cbc="urn:oasis:names:specification:ubl:schema:xsd:CommonBasicComponents-2">MONTAGE KIT EXTREME GRIP 370 G</cbc:Name><cac:ClassifiedTaxCategory><cbc:ID xmlns:cbc="urn:oasis:names:specification:ubl:schema:xsd:CommonBasicComponents-2">S</cbc:ID><cbc:Percent xmlns:cbc="urn:oasis:names:specification:ubl:schema:xsd:CommonBasicComponents-2">19</cbc:Percent><cac:TaxScheme><cbc:ID xmlns:cbc="urn:oasis:names:specification:ubl:schema:xsd:CommonBasicComponents-2">VAT</cbc:ID></cac:TaxScheme></cac:ClassifiedTaxCategory></cac:Item><cac:Price><cbc:PriceAmount xmlns:cbc="urn:oasis:names:specification:ubl:schema:xsd:CommonBasicComponents-2" currencyID="RON">20.09</cbc:PriceAmount></cac:Price></cac:InvoiceLine><cac:InvoiceLine xmlns:cac="urn:oasis:names:specification:ubl:schema:xsd:CommonAggregateComponents-2"><cbc:ID xmlns:cbc="urn:oasis:names:specification:ubl:schema:xsd:CommonBasicComponents-2">7</cbc:ID><cbc:InvoicedQuantity xmlns:cbc="urn:oasis:names:specification:ubl:schema:xsd:CommonBasicComponents-2" unitCode="XPP">2</cbc:InvoicedQuantity><cbc:LineExtensionAmount xmlns:cbc="urn:oasis:names:specification:ubl:schema:xsd:CommonBasicComponents-2" currencyID="RON">151.09</cbc:LineExtensionAmount><cac:Item><cbc:Name xmlns:cbc="urn:oasis:names:specification:ubl:schema:xsd:CommonBasicComponents-2">TABURET CHRISS CIRES TAPITAT</cbc:Name><cac:ClassifiedTaxCategory><cbc:ID xmlns:cbc="urn:oasis:names:specification:ubl:schema:xsd:CommonBasicComponents-2">S</cbc:ID><cbc:Percent xmlns:cbc="urn:oasis:names:specification:ubl:schema:xsd:CommonBasicComponents-2">19</cbc:Percent><cac:TaxScheme><cbc:ID xmlns:cbc="urn:oasis:names:specification:ubl:schema:xsd:CommonBasicComponents-2">VAT</cbc:ID></cac:TaxScheme></cac:ClassifiedTaxCategory></cac:Item><cac:Price><cbc:PriceAmount xmlns:cbc="urn:oasis:names:specification:ubl:schema:xsd:CommonBasicComponents-2" currencyID="RON">75.55</cbc:PriceAmount></cac:Price></cac:InvoiceLine></Invoice>